variant_id,effect_size,pvalue,se,z_score,pip,cumulative_pip
ATXN2:1:10000,1.2,0.01,0.1,11.999999999999998,1.0841613e-15,1.0841613e-15
SH2B3:1:20000,1.1,0.05,0.1,11.0,1.7127637e-16,1.2554377e-15
BRAP:1:30000,1.05,0.1,0.1,10.5,7.5690374e-17,1.331128e-15
