Process Step,Cell Count,Viability (%)
Initial,4375745,78.0306988460866
Post-Filtration,3475022,91.32388240141482
Post-Gradient,1629530,90.0620163589626
Final Purified,178306,91.52017225668801
